city,id,ksi_id
vancouver,297040,NA
vancouver,"297760,298245",NA
vancouver,"297915,298114,297916",NA
vancouver,"296854,294931,294932,298193",NA
vancouver,"296953,296955,296956,296959,296960,297176,297612,297613,298305,295621,295622,295623,296954,296957,296958,296961,297611,298304,298303,298306,297175",NA
vancouver,297042,NA
vancouver,297325,NA
vancouver,"296477,296478",NA
vancouver,297038,NA
vancouver,"297258,297259,297631,295325",NA
vancouver,296174,NA
vancouver,"295162,297559",NA
vancouver,295433,NA
vancouver,"295858,297806,295248",NA
vancouver,"295039,297579,298261,298262,296784,296785,296787,297580,298263,295037,295038,296786",NA
vancouver,"295040,298266",NA
vancouver,"295041,295244,295245,297803,296788,298267",NA
vancouver,"295246,295247,295856,297805,295857,297804",NA
vancouver,297581,NA
vancouver,"295059,297099",NA
vancouver,"296974,297276,297845,298379,298380,296719",NA
vancouver,"294938,297643,297549,298169,296262",NA
vancouver,296925,NA
vancouver,"296052,296836",NA
vancouver,"296978,296979,294962,296980",NA
vancouver,"296837,296053,296054",NA
vancouver,"296888,296887",NA
vancouver,"296736,296740,296741,296695,296696,296697,296735,296737,296738,296739,296743",NA
vancouver,"296742,296694,296698",NA
vancouver,"298119,295025,296653",NA
vancouver,"295564,295990,296923",NA
vancouver,"296468,297274,298154,298375,295841,295842,296398,296400,296466,296467,296507,296508,298376,298153,298377,294837,296399,296465,297275",NA
vancouver,298265,NA
vancouver,295285,NA
vancouver,"294863,297367",NA
vancouver,"294862,295469,295470,295672,296122,297197,297198,297199,297203,297377,297501,294754,294756,295673,295709,295712,295713,295714,295715,296868,296869,297200,297376,297500,297503,297504,297506,297508,298241,298242,294752,294753,294755,295526,295710,295711,297201,297202,297204,297502,297505,297507",NA
vancouver,"295692,295693,296635",NA
vancouver,"295024,295322,296358,296794,298117,298136,296470,296793,298135,295321,295807,296471,296472",NA
vancouver,296469,NA
vancouver,295420,NA
vancouver,295135,NA
vancouver,295136,NA
vancouver,"298218,295909,298217,295910,295911,297405",NA
vancouver,"295992,296031,296898",NA
vancouver,297430,NA
vancouver,"296541,297340,295388,297075,297076,297137,297334,295387,295389,297136",NA
vancouver,295570,NA
vancouver,"294954,298272",NA
vancouver,297432,NA
vancouver,"295776,297849,295625",NA
vancouver,"296839,296055,296840,297761,296056,296838",NA
vancouver,"295792,296296",NA
vancouver,298265,NA
vancouver,"297431,296682,296758",NA
vancouver,"297545,296260",NA
vancouver,"297801,298264",NA
vancouver,"298175,298198,298176,298177",NA
vancouver,"295564,295989,295990,296923",NA
vancouver,297012,NA
vancouver,"297558,296897",NA
vancouver,"297610,298302,295620",NA
vancouver,"296224,297630",NA
vancouver,296550,NA
vancouver,"295165,296554,297281",NA
vancouver,"295685,295686,297359,298277,295681,295917,297479,298276,298307,295624",NA
vancouver,296963,NA
vancouver,296962,NA
vancouver,"295788,297183,298314,298371,296772,296773,295787",NA
vancouver,"298036,298037,296636,298038,297823,298039,295694,296634",NA
vancouver,296455,NA
vancouver,"296734,295784,296733,295785,295786,296732",NA
calgary,332,NA
calgary,334,NA
calgary,"1422,1423,1424,1425,1426,1427,1428,1429,1430,1431,1432,1433,1533",NA
calgary,"337,339,386",NA
calgary,"1642,1643,1644,1645,1646,1647,1648,1678,1679,1680,1681,1682,1683,1684,1685,1686",NA
calgary,"1785,1786,1787,1788,1790",NA
calgary,"1837,1838,1839,1840,1841",NA
calgary,"2537,2538,2539,2540,2541,2542,2543",NA
calgary,"2469,2470,2471,2472,2473,2474,2475,2476,2477,2478,2479,2480,2481,2482",NA
calgary,4100,NA
calgary,"307,442,1519,1520,1521,1522,1523,1524,1525,1762,1763,1764,1765,1800,1801,1802,1803,1804,1805,1806,1807,1808,1809,1810,1811,1812,1813,1814,1815,1816,1817,1818,1819,1820,1821,1822,1823,1824,1825,1826,1827,1828,1859,1860,1861,1862,1863,1864,1865,1866,1867,1868,1869,1870,1871,1872,1873",NA
calgary,"735,816,817,818,819,820,821,822,823,824,825",NA
calgary,"1514,1887,1888",NA
calgary,"472,473,554,797",NA
calgary,"562,563,809",NA
calgary,1585,NA
calgary,2418,NA
calgary,"2445,2446,2447,2448,2449",NA
calgary,"186,328,335,336",NA
calgary,"327,329,330,331,333",NA
calgary,"338,387,388",NA
calgary,"1776,1778,1780",NA
calgary,"1777,1779",NA
calgary,"1877,1878,1879,1880,1881,1882,1883,1884",NA
calgary,"2988,2989,2990,2991,2992,2993,2995,2996,2997,2998,2999,3000,3001,3002,3004,3005,3006,3007,3010,3012,3013,3014,3015,3016,3017,3018,3019",NA
calgary,"1572,1574",NA
calgary,1571,NA
calgary,1833,NA
calgary,1834,NA
calgary,1836,NA
calgary,"1979,1980,2005,2007",NA
calgary,"2010,2011,2013,2016,2017,2020",NA
calgary,"2014,2018,2019",NA
calgary,"252,312,664,1139,1140,1141,1142,1143,1144,1145",NA
calgary,"371,1233",NA
calgary,"474,475,476,477,494,1153,1154,1155,1156,1157,1158,1159,1160",NA
calgary,"1085,1086,1087,1088,1089,1090,1091,1092",NA
calgary,"1093,1094,1095,1096,1097,1098,1099,1100,1136",NA
calgary,"1164,1165,1166,2662",NA
calgary,"1227,1228,1229,1230,1231,1274,1275,1276,1277,1278,1279,1280,1281,1282,1283,1284,1285,1286,1287,1288,1289,1290,1291,1292,1293,1294,1295,1296,1297,1298",NA
calgary,"1369,1370,1371",NA
calgary,2689,NA
calgary,546,NA
calgary,495,NA
calgary,1419,NA
calgary,1716,NA
calgary,"1458,2452,2453,2454",NA
calgary,2483,NA
calgary,"2377,2451",NA
calgary,493,NA
calgary,"2677,2685,2686,2688,2694,2695,2696,2699",NA
toronto,1268,81241570
toronto,1268,81241571
toronto,1136,7420674
toronto,1136,7420675
toronto,1136,7420676
toronto,1136,7420677
toronto,1136,7420678
toronto,1136,7420679
toronto,1136,80623082
toronto,1136,80623083
toronto,1136,81270440
toronto,1136,81270441
toronto,1136,81270442
toronto,"873,880",NA
toronto,887,NA
toronto,"973,974,975,985",80152019
toronto,"973,974,975,985",80152020
toronto,"977,986",81663310
toronto,"977,986",81663311
toronto,1036,80769284
toronto,1036,80769285
toronto,1036,81512031
toronto,1036,81512032
toronto,1036,81512033
toronto,1036,81512034
toronto,1036,81649079
toronto,1036,81649080
toronto,1036,81647935
toronto,1036,81647936
toronto,1036,81647937
toronto,"1038,1245",81679796
toronto,"1038,1245",81679797
toronto,"1038,1245",81807192
toronto,"1038,1245",81807193
toronto,1246,80972657
toronto,1246,80972658
toronto,1183,NA
toronto,1194,7799836
toronto,1194,7799837
toronto,1194,7843303
toronto,1194,7843304
toronto,1194,7843305
toronto,1194,80629000
toronto,1194,80629001
toronto,1194,80629002
toronto,1194,80629003
toronto,1194,80629004
toronto,1194,80497224
toronto,1194,80497225
toronto,1135,7431039
toronto,1135,7431040
toronto,1135,7433286
toronto,1135,7433287
toronto,1135,7425920
toronto,1135,7425921
toronto,1135,7474274
toronto,1135,7474275
toronto,1135,7474276
toronto,1135,80562726
toronto,1135,80562727
toronto,1135,80723928
toronto,1135,80723929
toronto,1135,81270440
toronto,1135,81270441
toronto,1135,81270442
toronto,1135,81582065
toronto,1135,81582066
toronto,1135,81666275
toronto,1135,81666276
toronto,1135,81745811
toronto,1135,81745812
toronto,1134,7812414
toronto,1134,7812415
toronto,1134,7812416
toronto,1134,7850472
toronto,1134,7850473
toronto,1134,7850474
toronto,1134,80543168
toronto,1134,80543169
toronto,1134,80774962
toronto,1134,80774963
toronto,1134,80774964
toronto,1134,80933880
toronto,1134,80933881
toronto,1134,81278245
toronto,1134,81278246
toronto,1134,81278247
toronto,1134,81278248
toronto,1134,81658183
toronto,1134,81658184
toronto,1199,80220994
toronto,1199,80220995
toronto,1199,81163775
toronto,1199,81163776
toronto,1199,81333318
toronto,1199,81333319
toronto,1199,81614761
toronto,1199,81614767
toronto,1199,81614768
toronto,1199,81614769
toronto,1199,81614770
toronto,1199,81614771
toronto,1199,81614772
toronto,1199,81614773
toronto,1199,81614774
toronto,1199,81749219
toronto,1196,7442504
toronto,1196,7442505
toronto,1196,7880139
toronto,1196,7880140
toronto,1196,7880141
toronto,1196,7880142
toronto,1196,7880143
toronto,1196,80631946
toronto,1196,80631947
toronto,1196,80631948
toronto,1196,81514492
toronto,1196,81514493
toronto,1196,81703208
toronto,1196,81703209
toronto,1196,81703961
toronto,1196,81703962
toronto,1297,80155879
toronto,1297,80155880
toronto,1297,80784057
toronto,1297,80784058
toronto,1297,80784059
toronto,1297,80784060
toronto,1297,80784301
toronto,1297,80784302
toronto,1297,80784303
toronto,1297,80944449
toronto,1297,80944450
toronto,1297,80949575
toronto,1297,80949576
toronto,1297,80949577
toronto,1297,81241031
toronto,1297,81241032
toronto,1297,81241033
toronto,1297,81241034
toronto,1297,81504587
toronto,1297,81504588
toronto,1297,81579849
toronto,1297,81579850
toronto,1202,7406569
toronto,1202,7406570
toronto,1202,7406571
toronto,1202,7518742
toronto,1202,7518743
toronto,1202,7518744
toronto,1202,7831270
toronto,1202,7831271
toronto,1202,7831272
toronto,1202,80159333
toronto,1202,80159334
toronto,1202,80159335
toronto,1202,80159336
toronto,1202,80159337
toronto,1202,80241584
toronto,1202,80241585
toronto,1202,80491737
toronto,1202,80491738
toronto,1202,80944297
toronto,1202,80944298
toronto,1202,81262420
toronto,1202,81262421
toronto,1202,81262422
toronto,1202,81408531
toronto,1202,81543165
toronto,1202,81543166
toronto,1202,81646403
toronto,1202,81646404
toronto,1202,81746890
toronto,1202,81746891
toronto,1202,81745858
toronto,1202,81745859
toronto,1202,81755064
toronto,1202,81755065
toronto,1202,81811126
toronto,1202,81811127
toronto,1020,7411074
toronto,1020,7411075
toronto,1020,7850188
toronto,1020,7850189
toronto,1020,7850190
toronto,1020,7850191
toronto,1020,7864812
toronto,1020,7864813
toronto,1020,7864814
toronto,1020,80489685
toronto,1020,80542741
toronto,1020,80542742
toronto,1020,80542743
toronto,1020,80542744
toronto,1020,80543552
toronto,1020,80543553
toronto,1020,80543554
toronto,1020,80543555
toronto,1020,80543556
toronto,1020,81449963
toronto,1020,81449964
toronto,1020,81704446
toronto,1020,81704447
toronto,1217,NA
toronto,1309,NA
toronto,1167,7376203
toronto,1167,7376204
toronto,1167,7376205
toronto,1167,7376206
toronto,1167,7417618
toronto,1167,7417619
toronto,1167,7444319
toronto,1167,7444320
toronto,1167,7461122
toronto,1167,7461123
toronto,1167,7475169
toronto,1167,7475170
toronto,1167,7528586
toronto,1167,7528587
toronto,1167,7841809
toronto,1167,7841810
toronto,1167,7875638
toronto,1167,7875639
toronto,1167,7875640
toronto,1167,7882964
toronto,1167,7882965
toronto,1167,7882966
toronto,1167,7882967
toronto,1167,7880334
toronto,1167,7880335
toronto,1167,7890603
toronto,1167,7890604
toronto,1167,7890605
toronto,1167,7894088
toronto,1167,7894089
toronto,1167,7894090
toronto,1167,7894091
toronto,1167,7894404
toronto,1167,7894405
toronto,1167,7894406
toronto,1167,80173527
toronto,1167,80173528
toronto,1167,80560198
toronto,1167,80560199
toronto,1167,80560200
toronto,1167,80239310
toronto,1167,80239311
toronto,1167,80239312
toronto,1167,80239313
toronto,1167,80495601
toronto,1167,80495602
toronto,1167,80496256
toronto,1167,80496257
toronto,1167,80719315
toronto,1167,80719316
toronto,1167,80719317
toronto,1167,80719318
toronto,1167,80778165
toronto,1167,80778166
toronto,1167,80771754
toronto,1167,80771755
toronto,1167,80770489
toronto,1167,80770490
toronto,1167,80770491
toronto,1167,80770492
toronto,1167,80769940
toronto,1167,80769941
toronto,1167,81143893
toronto,1167,81143894
toronto,1167,80944120
toronto,1167,80944121
toronto,1167,80944122
toronto,1167,81164299
toronto,1167,81514424
toronto,1167,81451125
toronto,1167,81451126
toronto,1167,81451127
toronto,1167,81451128
toronto,1167,81451129
toronto,1167,81451130
toronto,1167,80972040
toronto,1167,80972041
toronto,1167,81464300
toronto,1167,81464301
toronto,1167,80975180
toronto,1167,80975181
toronto,1167,81142728
toronto,1167,81142729
toronto,1167,81142730
toronto,1167,81163697
toronto,1167,81163698
toronto,1167,81467006
toronto,1167,81467007
toronto,1167,81467008
toronto,1167,81467009
toronto,1167,81270235
toronto,1167,81270236
toronto,1167,81270237
toronto,1167,81322489
toronto,1167,81322490
toronto,1167,81322491
toronto,1167,81454610
toronto,1167,81454611
toronto,1167,81339299
toronto,1167,81339300
toronto,1167,81339301
toronto,1167,81339302
toronto,1167,81484947
toronto,1167,81484948
toronto,1167,81484949
toronto,1167,81484950
toronto,1167,81484951
toronto,1167,81509992
toronto,1167,81509993
toronto,1167,81509994
toronto,1167,81509995
toronto,1167,81486640
toronto,1167,81486641
toronto,1167,81577582
toronto,1167,81577583
toronto,1167,81070928
toronto,1167,81542022
toronto,1167,81581335
toronto,1167,81581336
toronto,1167,81646403
toronto,1167,81646404
toronto,1167,81650985
toronto,1167,81650986
toronto,1167,81745858
toronto,1167,81745859
toronto,1167,81749941
toronto,1167,81749942
toronto,1167,81749943
toronto,1167,81753574
toronto,1167,81753575
toronto,1167,81811126
toronto,1167,81811127
toronto,1293,7441187
toronto,1293,7441188
toronto,1293,7441189
toronto,1293,7441190
toronto,1293,7441191
toronto,1293,7441253
toronto,1293,7441254
toronto,1293,7441255
toronto,1293,7441256
toronto,1293,7793634
toronto,1293,7793635
toronto,1293,7793636
toronto,1293,7814391
toronto,1293,7814392
toronto,1293,7823538
toronto,1293,7823539
toronto,1293,80225387
toronto,1293,80225388
toronto,1293,80225389
toronto,1293,80631946
toronto,1293,80631947
toronto,1293,80631948
toronto,1293,80000141
toronto,1293,80000142
toronto,1293,80935242
toronto,1293,80935243
toronto,1293,80972438
toronto,1293,80972439
toronto,1293,80948444
toronto,1293,80948445
toronto,1293,81510948
toronto,1293,81510949
toronto,1293,81514485
toronto,1293,81514486
toronto,1293,81514487
toronto,1293,81509748
toronto,1293,81509749
toronto,1293,81504297
toronto,1293,81504298
toronto,1293,81508389
toronto,1293,81508390
toronto,1293,81666383
toronto,1293,81666384
toronto,1293,81706055
toronto,1293,81706056
toronto,1293,81667848
toronto,1293,81667849
toronto,1172,7399365
toronto,1172,7399366
toronto,1172,7399367
toronto,1172,7420674
toronto,1172,7420675
toronto,1172,7420676
toronto,1172,7420677
toronto,1172,7420678
toronto,1172,7420679
toronto,1172,7645161
toronto,1172,7645162
toronto,1172,7448640
toronto,1172,7448641
toronto,1172,7448642
toronto,1172,7448643
toronto,1172,7448644
toronto,1172,7448645
toronto,1172,7486698
toronto,1172,7486699
toronto,1172,7486700
toronto,1172,7486701
toronto,1172,7543029
toronto,1172,7543030
toronto,1172,7543031
toronto,1172,7543032
toronto,1172,80143892
toronto,1172,80143893
toronto,1172,80623082
toronto,1172,80623083
toronto,1172,80631891
toronto,1172,80631892
toronto,1172,80250173
toronto,1172,80250174
toronto,1172,80503893
toronto,1172,80503894
toronto,1172,80543378
toronto,1172,80543379
toronto,1172,80564558
toronto,1172,80564559
toronto,1172,80735162
toronto,1172,80735163
toronto,1172,80735164
toronto,1172,80735165
toronto,1172,80895726
toronto,1172,80895727
toronto,1172,80886415
toronto,1172,80886416
toronto,1172,80886417
toronto,1172,80886418
toronto,1172,81241031
toronto,1172,81241032
toronto,1172,81241033
toronto,1172,81241034
toronto,1172,81163078
toronto,1172,81163079
toronto,1172,81238774
toronto,1172,81238775
toronto,1172,81330386
toronto,1172,81330387
toronto,1172,81504587
toronto,1172,81504588
toronto,1172,81508550
toronto,1172,81508551
toronto,1172,81508552
toronto,1172,81504941
toronto,1172,81504942
toronto,1172,81578417
toronto,1172,81578418
toronto,1172,81579849
toronto,1172,81579850
toronto,1172,81581478
toronto,1172,81581482
toronto,1172,81657106
toronto,1172,81657107
toronto,1172,81807179
toronto,1181,80489445
toronto,1181,80489446
toronto,1181,80899314
toronto,1181,80899315
toronto,1193,7414113
toronto,1193,7414114
toronto,1193,7414115
toronto,1193,7414116
toronto,1193,7482853
toronto,1193,7482854
toronto,1193,7542459
toronto,1193,7542460
toronto,1193,80157476
toronto,1193,80157477
toronto,1193,80157478
toronto,1193,80157479
toronto,1193,80157480
toronto,1193,80160347
toronto,1193,80160348
toronto,1193,80177889
toronto,1193,80177890
toronto,1193,80509563
toronto,1193,80509564
toronto,1193,80509565
toronto,1193,80238840
toronto,1193,80238841
toronto,1193,80238842
toronto,1193,80681696
toronto,1193,80681700
toronto,1193,80681701
toronto,1193,80681702
toronto,1193,80681703
toronto,1193,80776499
toronto,1193,80776500
toronto,1193,80973253
toronto,1193,80973254
toronto,1193,80973255
toronto,1193,80973256
toronto,1193,81242056
toronto,1193,81242057
toronto,1193,81507253
toronto,1193,81507254
toronto,1193,81507255
toronto,1193,81507256
toronto,1193,81507257
toronto,1193,81507258
toronto,1193,81507259
toronto,1193,81576832
toronto,1193,81576833
toronto,1193,81576834
toronto,1193,81580727
toronto,1193,81580728
toronto,1201,7516111
toronto,1201,7516112
toronto,1201,7516113
toronto,1201,7868315
toronto,1201,7868316
toronto,1201,80201377
toronto,1201,80201378
toronto,1201,80201379
toronto,1201,80169132
toronto,1201,80169133
toronto,1201,81431666
toronto,1201,81431718
toronto,1201,81604193
toronto,1201,81604195
toronto,1201,81604410
toronto,1201,81749458
toronto,1201,81749459
toronto,1204,7456571
toronto,1204,7456572
toronto,1204,7456573
toronto,1204,80701816
toronto,1204,80701817
toronto,1204,80564154
toronto,1204,80564155
toronto,1204,80564156
toronto,1204,81100644
toronto,1204,81163377
toronto,1204,81505984
toronto,1204,81505985
toronto,1204,81705826
toronto,1204,81705827
toronto,1204,81705828
toronto,1204,81738952
toronto,1204,81738953
toronto,"1206,1207,1208",7394486
toronto,"1206,1207,1208",7394487
toronto,"1206,1207,1208",7394488
toronto,"1206,1207,1208",7427000
toronto,"1206,1207,1208",7427001
toronto,"1206,1207,1208",7860081
toronto,"1206,1207,1208",7860082
toronto,"1206,1207,1208",80486151
toronto,"1206,1207,1208",80486152
toronto,"1206,1207,1208",80486153
toronto,"1206,1207,1208",81471514
toronto,"1206,1207,1208",81471515
toronto,"1215,1219",81749662
toronto,"1215,1219",81749663
toronto,"1215,1219",81796541
toronto,"1215,1219",81796542
toronto,"1215,1219",81796543
toronto,"1215,1219",81796544
toronto,1218,80945093
toronto,1218,80945094
toronto,1251,NA
toronto,1254,80783681
toronto,1254,80783682
toronto,1254,80783683
toronto,1254,80783684
toronto,1254,80783685
toronto,1254,80783686
toronto,1254,80783687
toronto,1254,81513128
toronto,1254,81513129
toronto,1254,81513130
toronto,1254,81708395
toronto,1254,81708396
toronto,"1256,1269",7427798
toronto,"1256,1269",7427799
toronto,"1256,1269",7492267
toronto,"1256,1269",7492268
toronto,"1256,1269",7775214
toronto,"1256,1269",7775215
toronto,"1256,1269",7775216
toronto,"1256,1269",7775217
toronto,"1256,1269",7895003
toronto,"1256,1269",7895004
toronto,"1256,1269",7895005
toronto,"1256,1269",7895006
toronto,"1256,1269",80152757
toronto,"1256,1269",80152758
toronto,"1256,1269",80508064
toronto,"1256,1269",80508065
toronto,"1256,1269",80508066
toronto,"1256,1269",80240988
toronto,"1256,1269",80240989
toronto,"1256,1269",80240990
toronto,"1256,1269",80240991
toronto,"1256,1269",80741181
toronto,"1256,1269",80913662
toronto,"1256,1269",80913663
toronto,"1256,1269",81240300
toronto,"1256,1269",81240301
toronto,"1256,1269",81679976
toronto,"1256,1269",81679980
toronto,"1256,1269",81705989
toronto,"1256,1269",81705990
toronto,"1256,1269",81747038
toronto,"1256,1269",81747039
toronto,"1256,1269",81747265
toronto,"1256,1269",81747266
toronto,"1256,1269",81747267
toronto,"1256,1269",81753509
toronto,"1256,1269",81753510
toronto,"1256,1269",81804850
toronto,"1256,1269",81804851
toronto,1287,NA
toronto,1289,80240607
toronto,1270,NA
toronto,1288,NA
toronto,614,81432586
toronto,614,81432589
toronto,1210,80508321
toronto,1210,80508322
toronto,1210,80508323
toronto,1210,80508324
toronto,1225,80560198
toronto,1225,80560199
toronto,1225,80560200
toronto,1225,80501739
toronto,1225,80501740
toronto,1173,7431858
toronto,1173,7431859
toronto,1173,7431860
toronto,1173,7892789
toronto,1173,7892790
toronto,1173,7892791
toronto,1173,80175681
toronto,1173,80175682
toronto,1173,80175683
toronto,1241,NA
toronto,"756,763,1153",7474274
toronto,"756,763,1153",7474275
toronto,"756,763,1153",7474276
toronto,"756,763,1153",7836003
toronto,"756,763,1153",7836004
toronto,"756,763,1153",7836005
toronto,"756,763,1153",80231548
toronto,"756,763,1153",80231549
toronto,"756,763,1153",80231550
toronto,"756,763,1153",80972590
toronto,"756,763,1153",80972591
toronto,"886,1111",81432586
toronto,"886,1111",81432589
toronto,"886,1111",81584011
toronto,"886,1111",81584012
toronto,1031,7535652
toronto,1031,7535653
toronto,1031,7535654
toronto,1031,81473892
toronto,1031,81473893
toronto,1031,81473894
toronto,1031,81473895
toronto,1031,81473896
toronto,1031,81330941
toronto,1031,81330942
toronto,1031,81330943
toronto,1031,81330944
toronto,1031,81330945
toronto,1031,81330946
toronto,1031,81330947
toronto,1031,81330948
toronto,1031,81340413
toronto,1031,81340414
toronto,1031,81340415
toronto,1031,81615831
toronto,1031,81615832
toronto,1152,NA
toronto,1158,NA
toronto,1159,80976608
toronto,1159,80976609
toronto,1175,80631946
toronto,1175,80631947
toronto,1175,80631948
toronto,"631,632,963,1129",80171781
toronto,"631,632,963,1129",80171782
toronto,"631,632,963,1129",80545849
toronto,"631,632,963,1129",80545850
toronto,"631,632,963,1129",80545851
toronto,"631,632,963,1129",80931178
toronto,"631,632,963,1129",80931179
toronto,"631,632,963,1129",81465376
toronto,"631,632,963,1129",81465377
toronto,"631,632,963,1129",81465378
toronto,"631,632,963,1129",81688308
toronto,"631,632,963,1129",81688309
toronto,"631,632,963,1129",81688310
toronto,"631,632,963,1129",81688311
toronto,"857,929,1255",80783681
toronto,"857,929,1255",80783682
toronto,"857,929,1255",80783683
toronto,"857,929,1255",80783684
toronto,"857,929,1255",80783685
toronto,"857,929,1255",80783686
toronto,"857,929,1255",80783687
toronto,958,7842183
toronto,958,7842184
toronto,958,7842185
toronto,958,7842186
toronto,958,7842187
toronto,958,7842188
toronto,958,7842189
toronto,958,7842190
toronto,958,7842191
toronto,958,7842192
toronto,958,7842193
toronto,958,7842194
toronto,958,80626610
toronto,958,80626611
toronto,958,80626612
toronto,958,80626613
toronto,958,80565107
toronto,958,80565308
toronto,958,81153390
toronto,958,81153391
toronto,958,81153392
toronto,958,81153393
toronto,958,81153394
toronto,958,81153395
toronto,958,81484562
toronto,958,81484563
toronto,1137,7408968
toronto,1137,7408969
toronto,1137,7420674
toronto,1137,7420675
toronto,1137,7420676
toronto,1137,7420677
toronto,1137,7420678
toronto,1137,7420679
toronto,1137,80623082
toronto,1137,80623083
toronto,1137,80543168
toronto,1137,80543169
toronto,1137,80657505
toronto,1137,80657524
toronto,1137,80933880
toronto,1137,80933881
toronto,1137,80934728
toronto,1137,80934729
toronto,1137,80792381
toronto,1137,80792943
toronto,1137,81658183
toronto,1137,81658184
toronto,"850,1296",81432586
toronto,"850,1296",81432589
toronto,1143,NA
toronto,1144,NA
toronto,1145,81431840
toronto,1145,81431841
toronto,1145,81658377
toronto,1145,81658382
toronto,"1146,1231",NA
toronto,1160,NA
toronto,43,NA
toronto,863,81071485
toronto,863,81071486
toronto,1147,80171466
toronto,1147,80171467
toronto,1161,NA
toronto,1298,7835555
toronto,1298,7835556
toronto,1298,80155879
toronto,1298,80155880
toronto,1298,80632211
toronto,1298,80632212
toronto,1298,80785472
toronto,1298,80785473
toronto,1298,80782764
toronto,1298,80782765
toronto,1298,80784057
toronto,1298,80784058
toronto,1298,80784059
toronto,1298,80784060
toronto,1298,80784301
toronto,1298,80784302
toronto,1298,80784303
toronto,1298,81703208
toronto,1298,81703209
toronto,823,NA
toronto,930,8000011
toronto,930,80000027
toronto,930,80563450
toronto,930,80563451
toronto,930,80946709
toronto,930,80946710
toronto,930,81604197
toronto,930,81604198
toronto,"960,1021,1305",80159363
toronto,"960,1021,1305",80159364
toronto,"960,1021,1305",80159365
toronto,"960,1021,1305",80215907
toronto,"960,1021,1305",80215908
toronto,"960,1021,1305",80215909
toronto,"960,1021,1305",80217225
toronto,"960,1021,1305",80217226
toronto,"960,1021,1305",80241584
toronto,"960,1021,1305",80241585
toronto,"960,1021,1305",81262420
toronto,"960,1021,1305",81262421
toronto,"960,1021,1305",81262422
toronto,"960,1021,1305",81514883
toronto,"960,1021,1305",81514884
toronto,"960,1021,1305",81505891
toronto,"960,1021,1305",81505892
toronto,"960,1021,1305",81746890
toronto,"960,1021,1305",81746891
toronto,"960,1021,1305",81809681
toronto,"960,1021,1305",81809682
toronto,"1067,1150",NA
toronto,1148,81432066
toronto,1148,81432344
toronto,1148,81705222
toronto,1148,81705223
toronto,1149,NA
toronto,972,80890817
toronto,972,80890818
toronto,976,80212976
toronto,976,80212977
toronto,976,80212978
toronto,976,80212979
toronto,976,81708808
toronto,976,81708809
toronto,976,81708810
toronto,984,NA
toronto,987,NA
toronto,1039,80230528
toronto,1039,80230529
toronto,1039,80230530
toronto,1070,80937735
toronto,1070,80937736
toronto,1070,80937737
toronto,1070,80937738
toronto,1070,81804683
toronto,1070,81804684
toronto,1079,80781249
toronto,1079,80781250
toronto,1037,NA
toronto,1304,81514883
toronto,1304,81514884
toronto,1304,81809681
toronto,1304,81809682
toronto,1166,7875093
toronto,1166,7875094
toronto,1166,80632074
toronto,1166,80632075
toronto,1166,80632076
toronto,1166,81705321
toronto,1166,81705322
toronto,1131,80972657
toronto,1131,80972658
toronto,1131,81542831
toronto,1131,81542832
toronto,"1169,1170,1295",NA
toronto,"1176,1177,1178",7527603
toronto,"1176,1177,1178",7527604
toronto,"1176,1177,1178",7446235
toronto,"1176,1177,1178",7446236
toronto,"1176,1177,1178",80782764
toronto,"1176,1177,1178",80782765
toronto,1180,80489445
toronto,1180,80489446
toronto,1180,80899314
toronto,1180,80899315
toronto,1184,NA
toronto,1185,81580197
toronto,1205,80632438
toronto,1205,80632439
toronto,1205,80776682
toronto,1205,80776683
toronto,1205,81421945
toronto,1205,81421946
toronto,1216,NA
toronto,1248,7515517
toronto,1248,7515518
toronto,1248,7515519
toronto,1248,7515520
toronto,1248,7515521
toronto,1248,7826882
toronto,1248,7826883
toronto,1248,7826884
toronto,1248,7826885
toronto,1248,7842183
toronto,1248,7842184
toronto,1248,7842185
toronto,1248,7842186
toronto,1248,7842187
toronto,1248,7842188
toronto,1248,7842189
toronto,1248,7842190
toronto,1248,7842191
toronto,1248,7842192
toronto,1248,7842193
toronto,1248,7842194
toronto,1248,7895528
toronto,1248,7895529
toronto,1248,80161916
toronto,1248,80161917
toronto,1248,80780054
toronto,1248,80780055
toronto,1248,81153390
toronto,1248,81153391
toronto,1248,81153392
toronto,1248,81153393
toronto,1248,81153394
toronto,1248,81153395
toronto,1248,81484562
toronto,1248,81484563
toronto,1248,81754939
toronto,1248,81754940
toronto,1248,81754941
toronto,1248,81754942
toronto,1248,81754943
toronto,1248,81754944
toronto,1250,7425920
toronto,1250,7425921
toronto,1252,NA
toronto,"1259,1260",81749183
toronto,"1259,1260",81749184
toronto,"1259,1260",81749185
toronto,"1262,1286",80631515
toronto,"1262,1286",80631516
toronto,"1262,1286",81241076
toronto,"1262,1286",81241077
toronto,"1262,1286",81753412
toronto,"1262,1286",81753729
toronto,1274,7533648
toronto,1274,7533649
toronto,1294,7407770
toronto,1294,7407771
toronto,1294,7407772
toronto,1294,7478086
toronto,1294,7478087
toronto,1294,7525935
toronto,1294,7525936
toronto,1294,7525937
toronto,1294,7525938
toronto,1294,7525939
toronto,1294,7525940
toronto,1294,7777323
toronto,1294,7777324
toronto,1294,7777325
toronto,1294,7892148
toronto,1294,7892149
toronto,1294,80218496
toronto,1294,80218497
toronto,1294,80218498
toronto,1294,80218499
toronto,1294,80218500
toronto,1294,80218501
toronto,1294,80218502
toronto,1294,80218503
toronto,1294,80218504
toronto,1294,80224304
toronto,1294,80224305
toronto,1294,80224306
toronto,1294,80224307
toronto,1294,80510218
toronto,1294,80510219
toronto,1294,80496509
toronto,1294,80496510
toronto,1294,80496511
toronto,1294,80632001
toronto,1294,80632002
toronto,1294,80498735
toronto,1294,80498736
toronto,1294,80500539
toronto,1294,80500540
toronto,1294,80500541
toronto,1294,80565144
toronto,1294,80565145
toronto,1294,80565930
toronto,1294,80725040
toronto,1294,80725041
toronto,1294,80768434
toronto,1294,80768435
toronto,1294,80768436
toronto,1294,80768473
toronto,1294,80768474
toronto,1294,80768475
toronto,1294,80772736
toronto,1294,80772737
toronto,1294,80776239
toronto,1294,80776240
toronto,1294,80776241
toronto,1294,80933497
toronto,1294,80933498
toronto,1294,81116640
toronto,1294,81116641
toronto,1294,81409539
toronto,1294,81409540
toronto,1294,81409541
toronto,1294,81409542
toronto,1294,81409543
toronto,1294,81452137
toronto,1294,81452138
toronto,1294,81452139
toronto,1294,81335257
toronto,1294,81401745
toronto,1294,81426228
toronto,1294,81426229
toronto,1294,81418568
toronto,1294,81418569
toronto,1294,81418570
toronto,1294,81663344
toronto,1294,81663345
toronto,1294,81811158
toronto,1294,81811159
toronto,1310,NA
toronto,"1209,1210",80508321
toronto,"1209,1210",80508322
toronto,"1209,1210",80508323
toronto,"1209,1210",80508324
toronto,"1209,1210",81665959
toronto,"1209,1210",81665960
toronto,"1209,1210",81665961
toronto,1136,7420674
toronto,1136,7420675
toronto,1136,7420676
toronto,1136,7420677
toronto,1136,7420678
toronto,1136,7420679
toronto,1136,80623082
toronto,1136,80623083
toronto,1136,81270440
toronto,1136,81270441
toronto,1136,81270442
toronto,1182,7393164
toronto,1182,7393165
toronto,1182,7514857
toronto,1182,7514858
toronto,1182,80220380
toronto,1182,80220381
toronto,1182,80220382
toronto,1182,80220383
toronto,1182,80220384
toronto,1182,80220385
toronto,237,80941372
toronto,237,80941373
toronto,1030,80150468
toronto,1030,80150469
toronto,1030,80150470
toronto,1030,80501548
toronto,1030,80501549
toronto,1030,80501550
toronto,1030,80501551
toronto,1030,80501552
toronto,1030,80501553
toronto,1030,80501554
toronto,1030,80501555
toronto,1030,80501556
toronto,1030,80501557
toronto,1030,80545157
toronto,1030,80545162
toronto,1030,80632102
toronto,1030,80632103
toronto,1030,80632104
toronto,1030,80632105
toronto,1030,80632106
toronto,1030,80777622
toronto,1030,80777623
toronto,1030,80903122
toronto,1030,80903123
toronto,1030,80903124
toronto,1200,7399365
toronto,1200,7399366
toronto,1200,7399367
toronto,1200,7445197
toronto,1200,7445198
toronto,1200,7447640
toronto,1200,7447641
toronto,1200,7447642
toronto,1200,7485583
toronto,1200,7485584
toronto,1200,7485585
toronto,1200,7486698
toronto,1200,7486699
toronto,1200,7486700
toronto,1200,7486701
toronto,1200,80220994
toronto,1200,80220995
toronto,1200,80543378
toronto,1200,80543379
toronto,1200,81330386
toronto,1200,81330387
toronto,1200,81584314
toronto,1200,81584315
toronto,1200,81809800
toronto,1200,81809801
toronto,1267,80632050
toronto,1267,80632051
toronto,1267,81241570
toronto,1267,81241571
toronto,1267,81707186
toronto,1267,81707187
toronto,1267,81707188
toronto,"41,515,1220",7529354
toronto,"41,515,1220",7529355
toronto,"41,515,1220",7529356
toronto,"41,515,1220",80146149
toronto,"41,515,1220",80146150
toronto,"41,515,1220",80631117
toronto,"41,515,1220",80631118
toronto,"41,515,1220",80631119
toronto,"41,515,1220",80717325
toronto,"41,515,1220",80717378
toronto,"41,515,1220",80717379
toronto,"41,515,1220",80889982
toronto,"41,515,1220",81338690
toronto,"41,515,1220",81338691
toronto,"41,515,1220",81508256
toronto,"41,515,1220",81508257
toronto,"41,515,1220",81578889
toronto,"41,515,1220",81578890
toronto,"41,515,1220",81584048
toronto,"41,515,1220",81584049
toronto,"41,515,1220",81584050
toronto,"41,515,1220",81747578
toronto,"41,515,1220",81747579
toronto,1249,80632253
toronto,1249,80632254
toronto,857,NA
toronto,"1038,1245",81679796
toronto,"1038,1245",81679797
toronto,"1038,1245",81807192
toronto,"1038,1245",81807193
toronto,1082,7487146
toronto,1082,7487147
toronto,1082,81504838
toronto,1082,81504839
toronto,1082,81709086
toronto,1082,81709087
toronto,1132,7841354
toronto,1132,7841355
toronto,1132,7841356
toronto,1132,80935608
toronto,1132,80935609
toronto,1134,7812414
toronto,1134,7812415
toronto,1134,7812416
toronto,1134,7850472
toronto,1134,7850473
toronto,1134,7850474
toronto,1134,80543168
toronto,1134,80543169
toronto,1134,80774962
toronto,1134,80774963
toronto,1134,80774964
toronto,1134,80933880
toronto,1134,80933881
toronto,1134,81278245
toronto,1134,81278246
toronto,1134,81278247
toronto,1134,81278248
toronto,1134,81658183
toronto,1134,81658184
toronto,1135,7431039
toronto,1135,7431040
toronto,1135,7433286
toronto,1135,7433287
toronto,1135,7425920
toronto,1135,7425921
toronto,1135,7474274
toronto,1135,7474275
toronto,1135,7474276
toronto,1135,80562726
toronto,1135,80562727
toronto,1135,80723928
toronto,1135,80723929
toronto,1135,81270440
toronto,1135,81270441
toronto,1135,81270442
toronto,1135,81582065
toronto,1135,81582066
toronto,1135,81666275
toronto,1135,81666276
toronto,1135,81745811
toronto,1135,81745812
toronto,1197,80716604
toronto,1197,80716605
toronto,"1242,1244",7663048
toronto,"1242,1244",7663049
toronto,"1242,1244",7663050
toronto,"1242,1244",7663051
toronto,"1242,1244",7663052
toronto,"1242,1244",80564154
toronto,"1242,1244",80564155
toronto,"1242,1244",80564156
toronto,"1242,1244",81241031
toronto,"1242,1244",81241032
toronto,"1242,1244",81241033
toronto,"1242,1244",81241034
toronto,"1242,1244",81162870
toronto,"1242,1244",81162871
toronto,"1242,1244",81162872
toronto,"1242,1244",81473258
toronto,"1242,1244",81473259
toronto,"1242,1244",81504587
toronto,"1242,1244",81504588
toronto,"1242,1244",81505984
toronto,"1242,1244",81505985
toronto,"1242,1244",81579849
toronto,"1242,1244",81579850
toronto,"1242,1244",81748916
toronto,"1242,1244",81748917
toronto,"1242,1244",81748918
toronto,407,7529354
toronto,407,7529355
toronto,407,7529356
toronto,407,81338690
toronto,407,81338691
toronto,407,81340413
toronto,407,81340414
toronto,407,81340415
toronto,407,81508256
toronto,407,81508257
toronto,1081,7482215
toronto,1081,7811254
toronto,1081,7811255
toronto,1081,7811256
toronto,1081,7868315
toronto,1081,7868316
toronto,1081,80160036
toronto,1081,80160037
toronto,1081,80160038
toronto,1081,80160039
toronto,1081,80160040
toronto,1081,80169132
toronto,1081,80169133
toronto,1081,80496653
toronto,1081,80496654
toronto,1081,80496655
toronto,1081,80496656
toronto,1081,80776452
toronto,1081,80776453
toronto,1081,80776454
toronto,1081,80877084
toronto,1081,80943473
toronto,1081,81241262
toronto,1081,81241263
toronto,1081,81806201
toronto,1081,81806202
toronto,1081,81752577
toronto,1081,81752578
toronto,8,80171679
toronto,8,80171680
toronto,8,80566641
toronto,8,80566642
toronto,8,80566643
toronto,8,80566644
toronto,8,81804719
toronto,8,81804720
toronto,8,81804721
toronto,637,80207074
toronto,637,80984079
toronto,637,80984080
toronto,887,NA
toronto,"929,1255,1296",80783681
toronto,"929,1255,1296",80783682
toronto,"929,1255,1296",80783683
toronto,"929,1255,1296",80783684
toronto,"929,1255,1296",80783685
toronto,"929,1255,1296",80783686
toronto,"929,1255,1296",80783687
toronto,1036,80769284
toronto,1036,80769285
toronto,1036,81512031
toronto,1036,81512032
toronto,1036,81512033
toronto,1036,81512034
toronto,1036,81649079
toronto,1036,81649080
toronto,1036,81647935
toronto,1036,81647936
toronto,1036,81647937
toronto,1099,7787885
toronto,1099,7787886
toronto,1099,7787887
toronto,1099,80147779
toronto,1099,80147780
toronto,1099,80250667
toronto,1099,80250668
toronto,1099,80545824
toronto,1099,80789073
toronto,1099,80789074
toronto,1206,7394486
toronto,1206,7394487
toronto,1206,7394488
toronto,1206,7860081
toronto,1206,7860082
toronto,1206,81471514
toronto,1206,81471515
toronto,850,81432586
toronto,850,81432589
toronto,1314,7791137
toronto,1314,7791138
toronto,322,7857645
toronto,322,7857646
toronto,322,7857647
toronto,322,7848846
toronto,322,7848847
toronto,322,80622575
toronto,322,80497099
toronto,322,80497100
toronto,322,80771534
toronto,322,80771535
toronto,322,80985326
toronto,322,80985327
toronto,322,80985328
toronto,322,81604230
toronto,322,81604231
toronto,322,81615074
toronto,322,81615075
toronto,1137,7408968
toronto,1137,7408969
toronto,1137,7420674
toronto,1137,7420675
toronto,1137,7420676
toronto,1137,7420677
toronto,1137,7420678
toronto,1137,7420679
toronto,1137,80623082
toronto,1137,80623083
toronto,1137,80543168
toronto,1137,80543169
toronto,1137,80657505
toronto,1137,80657524
toronto,1137,80933880
toronto,1137,80933881
toronto,1137,80934728
toronto,1137,80934729
toronto,1137,80792381
toronto,1137,80792943
toronto,1137,81658183
toronto,1137,81658184
toronto,1221,NA
toronto,1230,NA
toronto,762,81615263
toronto,762,81615264
toronto,762,81615265
toronto,762,81748720
toronto,762,81748721
toronto,1214,80947486
toronto,1214,80947487
toronto,1214,81322428
toronto,1214,81322429
toronto,1214,81340413
toronto,1214,81340414
toronto,1214,81340415
toronto,1214,81651014
toronto,1214,81651015
toronto,1210,80508321
toronto,1210,80508322
toronto,1210,80508323
toronto,1210,80508324
toronto,1069,81100644
toronto,1069,81163377
toronto,1069,81738952
toronto,1069,81738953
toronto,1268,81241570
toronto,1268,81241571
